"category","avg"
BREAKFAST,53.14375
BUBBLE TEA,53.78467561521253
CAKE,54.04893042782887
DIMSUM,54.206993736951986
FAST FOOD,54.02416212003118
ICECREAM,54.394190223332814
JAPANESE FOOD,54.29805865344899
NOODLES,54.49585046728972
SEAFOOD,54.618231046931406
SHABU,54.38124164278892
SOMTAM,54.341572783871925
STEAK,54.29858446052218
THAI FOOD,54.173169325389196
WESTERN FOOD,54.301900505105564
